"DATE","TIME PERIOD","Euro Area 10 Years Government Benchmark Bond - Yield (FM.M.U2.EUR.4F.BB.U2_10Y.YLD)"
"1970-01-31","1970Jan","7.7525530"
"1970-02-28","1970Feb","7.9037030"
"1970-03-31","1970Mar","8.1123400"
"1970-04-30","1970Apr","8.0726670"
"1970-05-31","1970May","8.2432050"
"1970-06-30","1970Jun","8.4474450"
"1970-07-31","1970Jul","8.3503880"
"1970-08-31","1970Aug","8.3938900"
"1970-09-30","1970Sep","8.4099630"
"1970-10-31","1970Oct","8.4266370"
"1970-11-30","1970Nov","8.3731950"
"1970-12-31","1970Dec","8.2229660"
"1971-01-31","1971Jan","7.9059510"
"1971-02-28","1971Feb","7.8307040"
"1971-03-31","1971Mar","7.8452160"
"1971-04-30","1971Apr","7.8563790"
"1971-05-31","1971May","7.8968600"
"1971-06-30","1971Jun","8.0390460"
"1971-07-31","1971Jul","8.0691480"
"1971-08-31","1971Aug","8.0167850"
"1971-09-30","1971Sep","7.9950110"
"1971-10-31","1971Oct","7.9027850"
"1971-11-30","1971Nov","7.8459360"
"1971-12-31","1971Dec","7.7893690"
"1972-01-31","1972Jan","7.6783240"
"1972-02-29","1972Feb","7.5579930"
"1972-03-31","1972Mar","7.5266370"
"1972-04-30","1972Apr","7.5821690"
"1972-05-31","1972May","7.5090500"
"1972-06-30","1972Jun","7.5579070"
"1972-07-31","1972Jul","7.5823350"
"1972-08-31","1972Aug","7.5773260"
"1972-09-30","1972Sep","7.5886980"
"1972-10-31","1972Oct","7.6968530"
"1972-11-30","1972Nov","7.8107910"
"1972-12-31","1972Dec","7.9364060"
"1973-01-31","1973Jan","8.0048670"
"1973-02-28","1973Feb","7.9357510"
"1973-03-31","1973Mar","7.9869220"
"1973-04-30","1973Apr","8.0677800"
"1973-05-31","1973May","8.3607840"
"1973-06-30","1973Jun","8.4869790"
"1973-07-31","1973Jul","8.5397140"
"1973-08-31","1973Aug","8.5912740"
"1973-09-30","1973Sep","8.6748100"
"1973-10-31","1973Oct","8.6125480"
"1973-11-30","1973Nov","8.6813760"
"1973-12-31","1973Dec","8.8538530"
"1974-01-31","1974Jan","9.0285890"
"1974-02-28","1974Feb","9.3989730"
"1974-03-31","1974Mar","9.5933110"
"1974-04-30","1974Apr","9.7112310"
"1974-05-31","1974May","10.0001700"
"1974-06-30","1974Jun","10.4819800"
"1974-07-31","1974Jul","10.6274800"
"1974-08-31","1974Aug","10.7211600"
"1974-09-30","1974Sep","10.7450100"
"1974-10-31","1974Oct","10.7185700"
"1974-11-30","1974Nov","10.4901100"
"1974-12-31","1974Dec","10.5528100"
"1975-01-31","1975Jan","10.0865400"
"1975-02-28","1975Feb","9.8807660"
"1975-03-31","1975Mar","9.7282400"
"1975-04-30","1975Apr","9.7349740"
"1975-05-31","1975May","9.5183570"
"1975-06-30","1975Jun","9.4415040"
"1975-07-31","1975Jul","9.3352350"
"1975-08-31","1975Aug","9.4320220"
"1975-09-30","1975Sep","9.5579840"
"1975-10-31","1975Oct","9.3803400"
"1975-11-30","1975Nov","9.2407820"
"1975-12-31","1975Dec","9.2410160"
"1976-01-31","1976Jan","9.3627050"
"1976-02-29","1976Feb","9.3867470"
"1976-03-31","1976Mar","9.5428630"
"1976-04-30","1976Apr","9.8410070"
"1976-05-31","1976May","10.0866300"
"1976-06-30","1976Jun","10.3844700"
"1976-07-31","1976Jul","10.1638600"
"1976-08-31","1976Aug","10.4178400"
"1976-09-30","1976Sep","10.3951400"
"1976-10-31","1976Oct","10.5422600"
"1976-11-30","1976Nov","10.3770000"
"1976-12-31","1976Dec","10.3871200"
"1977-01-31","1977Jan","10.3234700"
"1977-02-28","1977Feb","10.3427300"
"1977-03-31","1977Mar","10.2665900"
"1977-04-30","1977Apr","10.2780700"
"1977-05-31","1977May","10.1676200"
"1977-06-30","1977Jun","10.2234800"
"1977-07-31","1977Jul","10.1503300"
"1977-08-31","1977Aug","10.0849800"
"1977-09-30","1977Sep","10.0194100"
"1977-10-31","1977Oct","10.0354400"
"1977-11-30","1977Nov","9.9698730"
"1977-12-31","1977Dec","9.9375470"
"1978-01-31","1978Jan","9.7573840"
"1978-02-28","1978Feb","9.7459110"
"1978-03-31","1978Mar","9.6470670"
"1978-04-30","1978Apr","9.5185710"
"1978-05-31","1978May","9.6362800"
"1978-06-30","1978Jun","9.5710940"
"1978-07-31","1978Jul","9.5750600"
"1978-08-31","1978Aug","9.5259560"
"1978-09-30","1978Sep","9.6289680"
"1978-10-31","1978Oct","9.8057020"
"1978-11-30","1978Nov","9.8495140"
"1978-12-31","1978Dec","9.6583350"
"1979-01-31","1979Jan","9.6236300"
"1979-02-28","1979Feb","9.7418580"
"1979-03-31","1979Mar","9.8235000"
"1979-04-30","1979Apr","9.9273760"
"1979-05-31","1979May","10.2009600"
"1979-06-30","1979Jun","10.3992400"
"1979-07-31","1979Jul","10.5292400"
"1979-08-31","1979Aug","10.5990500"
"1979-09-30","1979Sep","10.6704200"
"1979-10-31","1979Oct","10.8467900"
"1979-11-30","1979Nov","11.1373700"
"1979-12-31","1979Dec","11.4200500"
"1980-01-31","1980Jan","11.5023300"
"1980-02-29","1980Feb","12.0852500"
"1980-03-31","1980Mar","12.6849600"
"1980-04-30","1980Apr","12.5724200"
"1980-05-31","1980May","12.2638400"
"1980-06-30","1980Jun","12.1057400"
"1980-07-31","1980Jul","12.1237400"
"1980-08-31","1980Aug","12.1639700"
"1980-09-30","1980Sep","12.4537200"
"1980-10-31","1980Oct","12.7621300"
"1980-11-30","1980Nov","12.9068300"
"1980-12-31","1980Dec","12.8409800"
"1981-01-31","1981Jan","12.9312300"
"1981-02-28","1981Feb","13.4493500"
"1981-03-31","1981Mar","13.7054600"
"1981-04-30","1981Apr","13.9322400"
"1981-05-31","1981May","14.7366000"
"1981-06-30","1981Jun","14.8976700"
"1981-07-31","1981Jul","15.0344000"
"1981-08-31","1981Aug","15.2041400"
"1981-09-30","1981Sep","15.4353400"
"1981-10-31","1981Oct","15.2036500"
"1981-11-30","1981Nov","15.1985400"
"1981-12-31","1981Dec","14.9096300"
"1982-01-31","1982Jan","14.8467600"
"1982-02-28","1982Feb","14.8962900"
"1982-03-31","1982Mar","14.6102300"
"1982-04-30","1982Apr","14.4708400"
"1982-05-31","1982May","14.4345500"
"1982-06-30","1982Jun","14.6424800"
"1982-07-31","1982Jul","14.5891500"
"1982-08-31","1982Aug","14.2298900"
"1982-09-30","1982Sep","13.9850900"
"1982-10-31","1982Oct","13.8123700"
"1982-11-30","1982Nov","13.8140800"
"1982-12-31","1982Dec","13.4026100"
"1983-01-31","1983Jan","13.1128200"
"1983-02-28","1983Feb","13.0496800"
"1983-03-31","1983Mar","12.8272300"
"1983-04-30","1983Apr","12.7883400"
"1983-05-31","1983May","12.9350300"
"1983-06-30","1983Jun","13.0908800"
"1983-07-31","1983Jul","13.0449800"
"1983-08-31","1983Aug","13.1460100"
"1983-09-30","1983Sep","13.2007400"
"1983-10-31","1983Oct","13.1173100"
"1983-11-30","1983Nov","13.1762400"
"1983-12-31","1983Dec","12.9664000"
"1984-01-31","1984Jan","12.7903100"
"1984-02-29","1984Feb","12.5777600"
"1984-03-31","1984Mar","12.4549600"
"1984-04-30","1984Apr","12.4637300"
"1984-05-31","1984May","12.5920700"
"1984-06-30","1984Jun","12.4619200"
"1984-07-31","1984Jul","12.3281100"
"1984-08-31","1984Aug","12.2077500"
"1984-09-30","1984Sep","12.0915800"
"1984-10-31","1984Oct","11.6297000"
"1984-11-30","1984Nov","11.4202600"
"1984-12-31","1984Dec","11.2049400"
"1985-01-31","1985Jan","10.8550200"
"1985-02-28","1985Feb","10.9617100"
"1985-03-31","1985Mar","11.0255300"
"1985-04-30","1985Apr","10.8583400"
"1985-05-31","1985May","10.8509000"
"1985-06-30","1985Jun","10.8230500"
"1985-07-31","1985Jul","10.7913200"
"1985-08-31","1985Aug","10.6779600"
"1985-09-30","1985Sep","10.5375900"
"1985-10-31","1985Oct","10.4002300"
"1985-11-30","1985Nov","10.2661400"
"1985-12-31","1985Dec","10.2047400"
"1986-01-31","1986Jan","9.9610560"
"1986-02-28","1986Feb","9.9428460"
"1986-03-31","1986Mar","9.3951340"
"1986-04-30","1986Apr","8.7663220"
"1986-05-31","1986May","8.4783870"
"1986-06-30","1986Jun","8.5498300"
"1986-07-31","1986Jul","8.5311810"
"1986-08-31","1986Aug","8.3520670"
"1986-09-30","1986Sep","8.3278660"
"1986-10-31","1986Oct","8.4164920"
"1986-11-30","1986Nov","8.5350290"
"1986-12-31","1986Dec","8.4674340"
"1987-01-31","1987Jan","8.4529240"
"1987-02-28","1987Feb","8.5029050"
"1987-03-31","1987Mar","8.4579480"
"1987-04-30","1987Apr","8.4888930"
"1987-05-31","1987May","8.6778820"
"1987-06-30","1987Jun","8.9002090"
"1987-07-31","1987Jul","9.1785260"
"1987-08-31","1987Aug","9.5073680"
"1987-09-30","1987Sep","9.7306250"
"1987-10-31","1987Oct","9.9949970"
"1987-11-30","1987Nov","9.4947310"
"1987-12-31","1987Dec","9.3505610"
"1988-01-31","1988Jan","9.2041240"
"1988-02-29","1988Feb","8.9186490"
"1988-03-31","1988Mar","8.8357130"
"1988-04-30","1988Apr","8.8229960"
"1988-05-31","1988May","8.9674050"
"1988-06-30","1988Jun","8.8584180"
"1988-07-31","1988Jul","8.9714960"
"1988-08-31","1988Aug","9.0870370"
"1988-09-30","1988Sep","9.0438270"
"1988-10-31","1988Oct","8.9262500"
"1988-11-30","1988Nov","8.9299990"
"1988-12-31","1988Dec","9.0858350"
"1989-01-31","1989Jan","9.1623190"
"1989-02-28","1989Feb","9.4056450"
"1989-03-31","1989Mar","9.6447750"
"1989-04-30","1989Apr","9.5959870"
"1989-05-31","1989May","9.6817440"
"1989-06-30","1989Jun","9.6037470"
"1989-07-31","1989Jul","9.5854110"
"1989-08-31","1989Aug","9.5375040"
"1989-09-30","1989Sep","9.6914260"
"1989-10-31","1989Oct","9.8685040"
"1989-11-30","1989Nov","10.1542500"
"1989-12-31","1989Dec","10.2373100"
"1990-01-31","1990Jan","10.4502300"
"1990-02-28","1990Feb","10.9204900"
"1990-03-31","1990Mar","11.0549100"
"1990-04-30","1990Apr","10.8742800"
"1990-05-31","1990May","10.7959400"
"1990-06-30","1990Jun","10.7063400"
"1990-07-31","1990Jul","10.5672900"
"1990-08-31","1990Aug","10.9568600"
"1990-09-30","1990Sep","11.1356200"
"1990-10-31","1990Oct","11.0790400"
"1990-11-30","1990Nov","10.9892400"
"1990-12-31","1990Dec","10.8648600"
"1991-01-31","1991Jan","10.8448800"
"1991-02-28","1991Feb","10.4412700"
"1991-03-31","1991Mar","10.3724600"
"1991-04-30","1991Apr","10.1173600"
"1991-05-31","1991May","9.9854770"
"1991-06-30","1991Jun","10.0527300"
"1991-07-31","1991Jul","10.2246100"
"1991-08-31","1991Aug","10.2016900"
"1991-09-30","1991Sep","10.0020800"
"1991-10-31","1991Oct","9.8718810"
"1991-11-30","1991Nov","9.9183200"
"1991-12-31","1991Dec","9.8923250"
"1992-01-31","1992Jan","9.6113900"
"1992-02-29","1992Feb","9.5469910"
"1992-03-31","1992Mar","9.5811930"
"1992-04-30","1992Apr","9.6231090"
"1992-05-31","1992May","9.5796560"
"1992-06-30","1992Jun","9.8254460"
"1992-07-31","1992Jul","10.0330900"
"1992-08-31","1992Aug","10.1013600"
"1992-09-30","1992Sep","10.0218600"
"1992-10-31","1992Oct","10.2244900"
"1992-11-30","1992Nov","9.8813000"
"1992-12-31","1992Dec","9.9328010"
"1993-01-31","1993Jan","9.7027050"
"1993-02-28","1993Feb","9.4030370"
"1993-03-31","1993Mar","9.1457820"
"1993-04-30","1993Apr","9.1558840"
"1993-05-31","1993May","9.0422940"
"1993-06-30","1993Jun","8.7796230"
"1993-07-31","1993Jul","8.4018280"
"1993-08-31","1993Aug","7.9197430"
"1993-09-30","1993Sep","7.6120000"
"1993-10-31","1993Oct","7.3614580"
"1993-11-30","1993Nov","7.3806360"
"1993-12-31","1993Dec","7.1852780"
"1994-01-31","1994Jan","6.6900000"
"1994-02-28","1994Feb","6.8800000"
"1994-03-31","1994Mar","7.3500000"
"1994-04-30","1994Apr","7.4600000"
"1994-05-31","1994May","7.7500000"
"1994-06-30","1994Jun","8.3700000"
"1994-07-31","1994Jul","8.3900000"
"1994-08-31","1994Aug","8.6800000"
"1994-09-30","1994Sep","9.1200000"
"1994-10-31","1994Oct","9.1600000"
"1994-11-30","1994Nov","9.1200000"
"1994-12-31","1994Dec","9.1400000"
"1995-01-31","1995Jan","9.3400000"
"1995-02-28","1995Feb","9.1900000"
"1995-03-31","1995Mar","9.4300000"
"1995-04-30","1995Apr","9.2600000"
"1995-05-31","1995May","8.7800000"
"1995-06-30","1995Jun","8.7500000"
"1995-07-31","1995Jul","8.7100000"
"1995-08-31","1995Aug","8.4700000"
"1995-09-30","1995Sep","8.3600000"
"1995-10-31","1995Oct","8.4800000"
"1995-11-30","1995Nov","8.1600000"
"1995-12-31","1995Dec","7.8200000"
"1996-01-31","1996Jan","7.4400000"
"1996-02-29","1996Feb","7.6600000"
"1996-03-31","1996Mar","7.8300000"
"1996-04-30","1996Apr","7.6200000"
"1996-05-31","1996May","7.4800000"
"1996-06-30","1996Jun","7.5100000"
"1996-07-31","1996Jul","7.3900000"
"1996-08-31","1996Aug","7.3100000"
"1996-09-30","1996Sep","7.1300000"
"1996-10-31","1996Oct","6.6800000"
"1996-11-30","1996Nov","6.4300000"
"1996-12-31","1996Dec","6.3100000"
"1997-01-31","1997Jan","6.2300000"
"1997-02-28","1997Feb","6.0600000"
"1997-03-31","1997Mar","6.3200000"
"1997-04-30","1997Apr","6.3900000"
"1997-05-31","1997May","6.1800000"
"1997-06-30","1997Jun","6.0900000"
"1997-07-31","1997Jul","5.8300000"
"1997-08-31","1997Aug","5.9400000"
"1997-09-30","1997Sep","5.6600000"
"1997-10-31","1997Oct","5.7500000"
"1997-11-30","1997Nov","5.5900000"
"1997-12-31","1997Dec","5.4600000"
"1998-01-31","1998Jan","5.2200000"
"1998-02-28","1998Feb","5.1200000"
"1998-03-31","1998Mar","5.0100000"
"1998-04-30","1998Apr","5.0000000"
"1998-05-31","1998May","5.0600000"
"1998-06-30","1998Jun","4.9100000"
"1998-07-31","1998Jul","4.8200000"
"1998-08-31","1998Aug","4.5900000"
"1998-09-30","1998Sep","4.2700000"
"1998-10-31","1998Oct","4.2500000"
"1998-11-30","1998Nov","4.2400000"
"1998-12-31","1998Dec","3.9500000"
"1999-01-31","1999Jan","3.8219986"
"1999-02-28","1999Feb","3.9742402"
"1999-03-31","1999Mar","4.1809844"
"1999-04-30","1999Apr","4.0406932"
"1999-05-31","1999May","4.2048531"
"1999-06-30","1999Jun","4.5266515"
"1999-07-31","1999Jul","4.8561609"
"1999-08-31","1999Aug","5.0605729"
"1999-09-30","1999Sep","5.2353355"
"1999-10-31","1999Oct","5.4716358"
"1999-11-30","1999Nov","5.1842068"
"1999-12-31","1999Dec","5.3043565"
"2000-01-31","2000Jan","5.6985392"
"2000-02-29","2000Feb","5.6635994"
"2000-03-31","2000Mar","5.4906288"
"2000-04-30","2000Apr","5.4137985"
"2000-05-31","2000May","5.5154975"
"2000-06-30","2000Jun","5.3453751"
"2000-07-31","2000Jul","5.4537355"
"2000-08-31","2000Aug","5.3981782"
"2000-09-30","2000Sep","5.4671847"
"2000-10-31","2000Oct","5.4162590"
"2000-11-30","2000Nov","5.3357014"
"2000-12-31","2000Dec","5.0680265"
"2001-01-31","2001Jan","5.0082062"
"2001-02-28","2001Feb","5.0210686"
"2001-03-31","2001Mar","4.9381224"
"2001-04-30","2001Apr","5.1013779"
"2001-05-31","2001May","5.2625182"
"2001-06-30","2001Jun","5.2082877"
"2001-07-31","2001Jul","5.2500249"
"2001-08-31","2001Aug","5.0582136"
"2001-09-30","2001Sep","5.0374285"
"2001-10-31","2001Oct","4.8168694"
"2001-11-30","2001Nov","4.6666605"
"2001-12-31","2001Dec","4.9587674"
"2002-01-31","2002Jan","5.0228878"
"2002-02-28","2002Feb","5.0661150"
"2002-03-31","2002Mar","5.3164610"
"2002-04-30","2002Apr","5.2972425"
"2002-05-31","2002May","5.3031433"
"2002-06-30","2002Jun","5.1648676"
"2002-07-31","2002Jul","5.0274076"
"2002-08-31","2002Aug","4.7310545"
"2002-09-30","2002Sep","4.5232902"
"2002-10-31","2002Oct","4.6234653"
"2002-11-30","2002Nov","4.5923678"
"2002-12-31","2002Dec","4.4064960"
"2003-01-31","2003Jan","4.2703242"
"2003-02-28","2003Feb","4.0607911"
"2003-03-31","2003Mar","4.1271641"
"2003-04-30","2003Apr","4.2288636"
"2003-05-31","2003May","3.9187085"
"2003-06-30","2003Jun","3.7233099"
"2003-07-31","2003Jul","4.0626238"
"2003-08-31","2003Aug","4.2046960"
"2003-09-30","2003Sep","4.2318514"
"2003-10-31","2003Oct","4.3080683"
"2003-11-30","2003Nov","4.4378369"
"2003-12-31","2003Dec","4.3560048"
"2004-01-31","2004Jan","4.2567033"
"2004-02-29","2004Feb","4.1832802"
"2004-03-31","2004Mar","4.0194106"
"2004-04-30","2004Apr","4.2424263"
"2004-05-31","2004May","4.3862071"
"2004-06-30","2004Jun","4.4426014"
"2004-07-31","2004Jul","4.3395705"
"2004-08-31","2004Aug","4.1678858"
"2004-09-30","2004Sep","4.1139713"
"2004-10-31","2004Oct","3.9794187"
"2004-11-30","2004Nov","3.8686874"
"2004-12-31","2004Dec","3.6893467"
"2005-01-31","2005Jan","3.6336001"
"2005-02-28","2005Feb","3.6152795"
"2005-03-31","2005Mar","3.7624571"
"2005-04-30","2005Apr","3.5709420"
"2005-05-31","2005May","3.4074312"
"2005-06-30","2005Jun","3.2541142"
"2005-07-31","2005Jul","3.3159930"
"2005-08-31","2005Aug","3.3155436"
"2005-09-30","2005Sep","3.1555377"
"2005-10-31","2005Oct","3.3233600"
"2005-11-30","2005Nov","3.5272545"
"2005-12-31","2005Dec","3.4089819"
"2006-01-31","2006Jan","3.3927014"
"2006-02-28","2006Feb","3.5510044"
"2006-03-31","2006Mar","3.7311823"
"2006-04-30","2006Apr","4.0116374"
"2006-05-31","2006May","4.0602954"
"2006-06-30","2006Jun","4.0750886"
"2006-07-31","2006Jul","4.0962879"
"2006-08-31","2006Aug","3.9681833"
"2006-09-30","2006Sep","3.8398483"
"2006-10-31","2006Oct","3.8812864"
"2006-11-30","2006Nov","3.8040629"
"2006-12-31","2006Dec","3.9026031"
"2007-01-31","2007Jan","4.1028095"
"2007-02-28","2007Feb","4.1175186"
"2007-03-31","2007Mar","4.0227169"
"2007-04-30","2007Apr","4.2458817"
"2007-05-31","2007May","4.3730960"
"2007-06-30","2007Jun","4.6607553"
"2007-07-31","2007Jul","4.6284249"
"2007-08-31","2007Aug","4.4263128"
"2007-09-30","2007Sep","4.3694047"
"2007-10-31","2007Oct","4.4002149"
"2007-11-30","2007Nov","4.2515404"
"2007-12-31","2007Dec","4.3817619"
"2008-01-31","2008Jan","4.2317453"
"2008-02-29","2008Feb","4.1393710"
"2008-03-31","2008Mar","4.0705122"
"2008-04-30","2008Apr","4.2827465"
"2008-05-31","2008May","4.4232708"
"2008-06-30","2008Jun","4.8092517"
"2008-07-31","2008Jul","4.8145092"
"2008-08-31","2008Aug","4.4960430"
"2008-09-30","2008Sep","4.5042984"
"2008-10-31","2008Oct","4.4158255"
"2008-11-30","2008Nov","4.1964263"
"2008-12-31","2008Dec","3.8881413"
"2009-01-31","2009Jan","4.0998950"
"2009-02-28","2009Feb","4.1964883"
"2009-03-31","2009Mar","4.1419714"
"2009-04-30","2009Apr","4.0893432"
"2009-05-31","2009May","4.1331359"
"2009-06-30","2009Jun","4.3249541"
"2009-07-31","2009Jul","4.0886773"
"2009-08-31","2009Aug","3.8914923"
"2009-09-30","2009Sep","3.8669806"
"2009-10-31","2009Oct","3.8038636"
"2009-11-30","2009Nov","3.8349723"
"2009-12-31","2009Dec","3.8716229"
"2010-01-31","2010Jan","4.1016700"
"2010-02-28","2010Feb","4.1059944"
"2010-03-31","2010Mar","3.9866654"
"2010-04-30","2010Apr","4.1670592"
"2010-05-31","2010May","3.6841737"
"2010-06-30","2010Jun","3.6898290"
"2010-07-31","2010Jul","3.6103851"
"2010-08-31","2010Aug","3.4378818"
"2010-09-30","2010Sep","3.4921167"
"2010-10-31","2010Oct","3.3293244"
"2010-11-30","2010Nov","3.7182547"
"2010-12-31","2010Dec","4.0534993"
"2011-01-31","2011Jan","3.9326299"
"2011-02-28","2011Feb","4.4747876"
"2011-03-31","2011Mar","4.4879346"
"2011-04-30","2011Apr","4.6604114"
"2011-05-31","2011May","4.3674793"
"2011-06-30","2011Jun","4.3743838"
"2011-07-31","2011Jul","4.5966834"
"2011-08-31","2011Aug","4.2044928"
"2011-09-30","2011Sep","4.0344971"
"2011-10-31","2011Oct","4.0777591"
"2011-11-30","2011Nov","4.3917473"
"2011-12-31","2011Dec","4.0926229"
"2012-01-31","2012Jan","3.9043381"
"2012-02-29","2012Feb","3.7440873"
"2012-03-31","2012Mar","3.2827648"
"2012-04-30","2012Apr","3.3818773"
"2012-05-31","2012May","3.5255447"
"2012-06-30","2012Jun","3.4059942"
"2012-07-31","2012Jul","3.2489946"
"2012-08-31","2012Aug","3.0080360"
"2012-09-30","2012Sep","2.4186734"
"2012-10-31","2012Oct","2.3057818"
"2012-11-30","2012Nov","2.2466512"
"2012-12-31","2012Dec","2.0990674"
"2013-01-31","2013Jan","2.3942181"
"2013-02-28","2013Feb","2.8579233"
"2013-03-31","2013Mar","3.0268071"
"2013-04-30","2013Apr","2.8557350"
"2013-05-31","2013May","2.6845615"
"2013-06-30","2013Jun","3.0696381"
"2013-07-31","2013Jul","3.1014138"
"2013-08-31","2013Aug","3.0968390"
"2013-09-30","2013Sep","3.4070926"
"2013-10-31","2013Oct","3.1629837"
"2013-11-30","2013Nov","3.1711819"
"2013-12-31","2013Dec","3.3129167"
"2014-01-31","2014Jan","3.2117344"
"2014-02-28","2014Feb","3.0887577"
"2014-03-31","2014Mar","2.8861058"
"2014-04-30","2014Apr","2.6100201"
"2014-05-31","2014May","2.5548775"
"2014-06-30","2014Jun","2.2750933"
"2014-07-31","2014Jul","2.1569547"
"2014-08-31","2014Aug","1.9907639"
"2014-09-30","2014Sep","1.8492648"
"2014-10-31","2014Oct","1.6893828"
"2014-11-30","2014Nov","1.6167657"
"2014-12-31","2014Dec","1.4464759"
"2015-01-31","2015Jan","1.2657150"
"2015-02-28","2015Feb","1.2088800"
"2015-03-31","2015Mar","0.9505888"
"2015-04-30","2015Apr","0.8498141"
"2015-05-31","2015May","1.3301127"
"2015-06-30","2015Jun","1.6594547"
"2015-07-31","2015Jul","1.5296606"
"2015-08-31","2015Aug","1.3876670"
"2015-09-30","2015Sep","1.4798981"
"2015-10-31","2015Oct","1.2024014"
"2015-11-30","2015Nov","1.1537192"
"2015-12-31","2015Dec","1.1917891"
"2016-01-31","2016Jan","1.1145006"
"2016-02-29","2016Feb","1.0418310"
"2016-03-31","2016Mar","0.9306953"
"2016-04-30","2016Apr","0.9601519"
"2016-05-31","2016May","0.9723314"
"2016-06-30","2016Jun","0.8829782"
"2016-07-31","2016Jul","0.6210882"
"2016-08-31","2016Aug","0.6111509"
"2016-09-30","2016Sep","0.7325425"
"2016-10-31","2016Oct","0.7664178"
"2016-11-30","2016Nov","1.2258878"
"2016-12-31","2016Dec","1.2832093"
"2017-01-31","2017Jan","1.3073870"
"2017-02-28","2017Feb","1.4371413"
"2017-03-31","2017Mar","1.4531367"
"2017-04-30","2017Apr","1.2625750"
"2017-05-31","2017May","1.1723716"
"2017-06-30","2017Jun","1.0721103"
"2017-07-31","2017Jul","1.2064701"
"2017-08-31","2017Aug","1.0445317"
"2017-09-30","2017Sep","1.1159211"
"2017-10-31","2017Oct","1.1494042"
"2017-11-30","2017Nov","0.9487316"
"2017-12-31","2017Dec","0.8790263"
"2018-01-31","2018Jan","1.0309297"
"2018-02-28","2018Feb","1.2696634"
"2018-03-31","2018Mar","1.1683977"
"2018-04-30","2018Apr","1.1255318"
"2018-05-31","2018May","1.2362154"
"2018-06-30","2018Jun","1.2873306"
"2018-07-31","2018Jul","1.1958831"
"2018-08-31","2018Aug","1.3657884"
"2018-09-30","2018Sep","1.3191615"
"2018-10-31","2018Oct","1.5539943"
"2018-11-30","2018Nov","1.4051795"
"2018-12-31","2018Dec","1.2105589"
"2019-01-31","2019Jan","1.2024207"
"2019-02-28","2019Feb","1.1199991"
"2019-03-31","2019Mar","0.9919727"
"2019-04-30","2019Apr","0.9520384"
"2019-05-31","2019May","0.8714842"
"2019-06-30","2019Jun","0.5739757"
"2019-07-31","2019Jul","0.3575868"
"2019-08-31","2019Aug","0.0995033"
"2019-09-30","2019Sep","0.0475229"
"2019-10-31","2019Oct","0.1315678"
"2019-11-30","2019Nov","0.3012676"
"2019-12-31","2019Dec","0.3660365"
"2020-01-31","2020Jan","0.3158675"
"2020-02-29","2020Feb","0.1322627"
"2020-03-31","2020Mar","0.3726343"
"2020-04-30","2020Apr","0.5537761"
"2020-05-31","2020May","0.4791357"
"2020-06-30","2020Jun","0.3514593"
"2020-07-31","2020Jul","0.2208853"
"2020-08-31","2020Aug","0.1600720"
"2020-09-30","2020Sep","0.1234637"
"2020-10-31","2020Oct","0.0003606"
"2020-11-30","2020Nov","-0.0550423"
"2020-12-31","2020Dec","-0.0918818"
"2021-01-31","2021Jan","-0.0637568"
"2021-02-28","2021Feb","0.0632094"
"2021-03-31","2021Mar","0.1478562"
"2021-04-30","2021Apr","0.2049192"
"2021-05-31","2021May","0.3771510"
"2021-06-30","2021Jun","0.3039733"
"2021-07-31","2021Jul","0.1633645"
"2021-08-31","2021Aug","0.0594694"
"2021-09-30","2021Sep","0.1970812"
"2021-10-31","2021Oct","0.3524979"
"2021-11-30","2021Nov","0.3122062"
"2021-12-31","2021Dec","0.2784320"
"2022-01-31","2022Jan","0.5345431"
"2022-02-28","2022Feb","0.9441380"
"2022-03-31","2022Mar","1.0534866"
"2022-04-30","2022Apr","1.5678767"
"2022-05-31","2022May","1.8741307"
"2022-06-30","2022Jun","2.4387440"
"2022-07-31","2022Jul","2.0929554"
"2022-08-31","2022Aug","2.0565547"
"2022-09-30","2022Sep","2.8138013"
"2022-10-31","2022Oct","3.1841570"
"2022-11-30","2022Nov","2.9374517"
"2022-12-31","2022Dec","2.9995604"
"2023-01-31","2023Jan","3.0440745"
"2023-02-28","2023Feb","3.2210431"
"2023-03-31","2023Mar","3.2331314"
"2023-04-30","2023Apr","3.1931481"
"2023-05-31","2023May","3.2053126"
"2023-06-30","2023Jun","3.1642152"
"2023-07-31","2023Jul","3.2688975"
"2023-08-31","2023Aug","3.3424398"
"2023-09-30","2023Sep","3.5043111"
"2023-10-31","2023Oct","3.7220684"
"2023-11-30","2023Nov","3.4186883"
"2023-12-31","2023Dec","2.8642750"
"2024-01-31","2024Jan","2.9044165"
"2024-02-29","2024Feb","3.0253850"
"2024-03-31","2024Mar","2.9532979"
"2024-04-30","2024Apr","3.0735610"
"2024-05-31","2024May","3.1214920"
"2024-06-30","2024Jun","3.1650202"
"2024-07-31","2024Jul","3.1129963"
"2024-08-31","2024Aug","2.9059125"
"2024-09-30","2024Sep","2.8341649"
"2024-10-31","2024Oct","2.8659340"
"2024-11-30","2024Nov","2.9291315"
"2024-12-31","2024Dec","2.8123430"
"2025-01-31","2025Jan","3.0879565"
"2025-02-28","2025Feb","2.9886550"
"2025-03-31","2025Mar","3.3137724"
"2025-04-30","2025Apr","3.0972209"
"2025-05-31","2025May","3.0709945"
"2025-06-30","2025Jun","3.0847610"
"2025-07-31","2025Jul","3.1735630"
"2025-08-31","2025Aug","3.2050457"
"2025-09-30","2025Sep","3.2330462"
"2025-10-31","2025Oct","3.1240674"
"2025-11-30","2025Nov","3.1362825"
"2025-12-31","2025Dec","3.2447326"
"2026-01-31","2026Jan","3.2209805"
"2026-02-28","2026Feb","3.1288500"
"2026-03-31","2026Mar","3.3857305"
"2026-04-30","2026Apr","3.4636895"
"2026-05-31","2026May","3.4904786"
"2026-06-30","2026Jun","3.4023086"
"2026-07-31","2026Jul","3.5590287"
"2026-08-31","2026Aug","3.6647176"
